Label,Confidence,Full Tweet,Sanitized Tweet
pos,1.0,"RT @GlamLifeGuru: Super curious - anyone having the weirdest non ‚Äúcorona‚Äù symptoms - insomnia, vivid dreams, weird buzzing anxiety, headach‚Ä¶","super curious anyone weirdest non ‚Äúcorona‚Äù symptoms insomnia, vivid dreams, weird buzzing anxiety, headach‚Ä¶"
pos,1.0,"RT @1uan_n: Alright Corona you had your fun, now leave hoe","alright corona fun, leave hoe"
pos,1.0,was gonna make a tweet being angry about corona ruining my love life but let‚Äôs be real i‚Äôd of probs ruined it by now anyway lol,gonna make tweet angry corona ruining love life let‚Äôs real i‚Äôd probs ruined anyway lol
neg,1.0,#BailoutHumans Please help us im a single mom of 2 we need help i lost my job due to Corona and were getting kicked out next week bc i cant make rent. SOMEONE PLEASE HELP US! $bbritt31ee we JUST need food and rent PLEASE help us PLEASE https://t.co/Izk9MZLFE9,bailouthumans please help us im single mom 2 need help lost job due corona getting kicked next week bc cant make rent. someone please help us! $bbritt31ee need food rent please help us please
neg,1.0,RT @BigAlStrood: My mum died at 7.25pm this evening. She was 93 years old and had been resident in a care home until the other day when she‚Ä¶,mum died 7.25pm evening. 93 years old resident care home day she‚Ä¶
neg,1.0,"@RedAlienNation @LibertyImplac @IamHansGruber @NotSweetDeeSez @PetiteNicoco Dawg what‚Äôre u talking about?? Of course shit changes. My point is the entire ‚Äúsave‚Äù argument is stupid. No shit save but there‚Äôs a million and one reason why people can‚Äôt/won‚Äôt move. Even then, some people, atm, can‚Äôt save. Especially with this corona shit going on.","dawg what‚Äôre u talking about?? course shit changes. point entire ‚Äúsave‚Äù argument stupid. shit save there‚Äôs million one reason people can‚Äôt/won‚Äôt move. even then, people, atm, can‚Äôt save. especially corona shit going on."
neutral,0.75,getting real SICK and TIRED of seeing people hanging out with their friends bc they are ‚Äú6 feet apart outside at a park oo ahhh cute they haven‚Äôt been anywhere i‚Äôm immune whose corona‚Äù JUST STAY HOME NO ONE IS THAT IMPORTANT. people are DYING https://t.co/rTJl6Q5cXt,getting real sick tired seeing people hanging friends bc ‚Äú6 feet apart outside park oo ahhh cute haven‚Äôt anywhere i‚Äôm immune whose corona‚Äù stay home one important. people dying
neutral,0.75,"RT @RobertA21324401: How can this be. We can give 56 million to Maori for  Corona Virus. Yet we can't fund cancer drugs

Here's an article‚Ä¶",be. give 56 million maori corona virus. yet can't fund cancer drugs here's article‚Ä¶
neg,1.0,"RT @MadokaMeowgica: Friend died last night from corona. She was immunocompromised and did everything she was supposed to in a quarantine, b‚Ä¶","friend died last night corona. immunocompromised everything supposed quarantine, b‚Ä¶"
neutral,0.75,RT @vudzijenaj: Ready for battle: someone is lying about this corona..someone is making money .. someone manipulating the system .. someone‚Ä¶,ready battle: someone lying corona..someone making money .. someone manipulating system .. someone‚Ä¶
neg,1.0,"A corona virus situation of Japan.
(22th April)
The number of the dead 277
Infected person 11350

I think that Japan dead may get a few than other countries..
But.. This is sad situation.

Take care!!! https://t.co/1F2x8H8dB0",corona virus situation japan. (22th april) number dead 277 infected person 11350 think japan dead may get countries.. but.. sad situation. take care!!!
neg,1.0,"RT @Alihamideh1988: Dear @NYGovCuomo 
The flu vaccine üíâ didn't eradicate the flu. What makes you think we can eradicate covid19?

Sincerely‚Ä¶",dear flu vaccine üíâ eradicate flu. makes think eradicate covid19? sincerely‚Ä¶
neg,1.0,"RT @TheDailyEdge: President Magicpills is now promising that even though ‚ÄúCorona‚Äù didn‚Äôt disappear like a miracle in April, it‚Äôs definitely‚Ä¶","president magicpills promising even though ‚Äúcorona‚Äù didn‚Äôt disappear like miracle april, it‚Äôs definitely‚Ä¶"
neg,1.0,"RT @GeorgiaLogCabin: #Poll: How will the corona virus situation be in your area in a week or so? Vote &amp; retweet!
#coronavirus #covid19 #cov‚Ä¶",poll: corona virus situation area week so? vote &amp; retweet! coronavirus covid19 cov‚Ä¶
neg,1.0,It's corona time https://t.co/Af2RYGUGjf,corona time
neg,1.0,RT @friendlyghoul: please god let corona end I just wanna go back to disney world,please god let corona end wanna go back disney world
irrelevant,,"RT @SpoiledElla: ""Just because big bad Corona is keeping you inside, doesnt mean you're excused from worshiping your anime Goddesses. Shut‚Ä¶","""just big bad corona keeping inside, doesnt mean excused worshiping anime goddesses. shut‚Ä¶"
pos,1.0,"Perfect idea for those who break lock down to get a first hand feel of what is Corona virus 

A very practical idea 

Absolutely innovative 

Any we are falling short of attendees for corona virus. https://t.co/hKSFEPnXUX",perfect idea break lock get first hand feel corona virus practical idea absolutely innovative falling short attendees corona virus.
irrelevant,,RT @FrankFigliuzzi1: A glimpse of things to come: 19 new cases of coronavirus in Wisconsin linked to election activities: State health offi‚Ä¶,glimpse things come: 19 new cases coronavirus wisconsin linked election activities: state health offi‚Ä¶
neutral,0.75,RT @FrankiLoveMusic: when the corona virus is over..... I won‚Äôt be the same person..... I will be more appreciative of everything and every‚Ä¶,corona virus over..... won‚Äôt person..... appreciative everything every‚Ä¶
neutral,0.75,"RT @ddale8: Trump claims what we've gone through now won't be repeated. We might have some ""embers"" of corona in the second wave. He says h‚Ä¶","trump claims we've gone repeated. might ""embers"" corona second wave. says h‚Ä¶"
neutral,0.75,@Wu_Tang_Finance In the U.K. the govt is stepping in to pay 80% of anyone‚Äôs income that was lost due to corona.  Inc people on 0hr contracts based on what hrs they usually work.  Max of ¬£2500 benefit PCM until the crisis ends. I don‚Äôt understand how US can shutdown w/out income support?,u.k. govt stepping pay 80% anyone‚Äôs income lost due corona. inc people 0hr contracts based hrs usually work. max ¬£2500 benefit pcm crisis ends. don‚Äôt understand us shutdown w/out income support?
neg,1.0,"RT @sehnaoui: Very appropriate analogy:

‚ÄúThe curve is flattening, we can start lifting restrictions now.‚Äù 

=

‚ÄúThe parachute has slowed o‚Ä¶","appropriate analogy: ‚Äúthe curve flattening, start lifting restrictions now.‚Äù ‚Äúthe parachute slowed o‚Ä¶"
neg,1.0,@otuathail @SimonHarrisTD @ICGPnews Ye making any progress teaching Simon that covid 19 is the year and that there wasn't 18 prior failed attempts at curing corona virus??,ye making progress teaching simon covid 19 year 18 prior failed attempts curing corona virus??
neutral,0.75,RT @_Mansoor_Ali: Prime Minister Imran Khan and US President Donald Trump hold telephonic conversation on Corona Virus,prime minister imran khan us president donald trump hold telephonic conversation corona virus
pos,1.0,@Stats_Alerts @funder I See America is the World Leader In Corona virus Deaths. Is This Another Of The Orange Idiots America 1st Crap. Is This What He Calls WINNING. Well Come 11/3/20 We Need To VOTE HIM OUT And Hold Him Accountable For EVERY CRIMINAL ACT HES COMMITTED. Enough Already IMPRISON IQ45,see america world leader corona virus deaths. another orange idiots america 1st crap. calls winning. well come 11/3/20 need vote hold accountable every criminal act hes committed. enough already imprison iq45
pos,1.0,"RT @GlamLifeGuru: Super curious - anyone having the weirdest non ‚Äúcorona‚Äù symptoms - insomnia, vivid dreams, weird buzzing anxiety, headach‚Ä¶","super curious anyone weirdest non ‚Äúcorona‚Äù symptoms insomnia, vivid dreams, weird buzzing anxiety, headach‚Ä¶"
neg,1.0,Fauci just said we Will HAVE CORONA IN THE FALL,fauci said corona fall
neg,1.0,RT @OscartheQ1: We had a Corona Virus Dog Vaccine in 2001! I'll take that one over Gate's vaccine. https://t.co/k3SjWzZzht,corona virus dog vaccine 2001! i'll take one gate's vaccine.
neg,1.0,RT @Zeeyzeey__: Fake news everywhere in Kano. It baffles me how educated individuals are still in denial of the corona cases here entirely!‚Ä¶,fake news everywhere kano. baffles educated individuals still denial corona cases entirely!‚Ä¶
pos,1.0,"Corona cases are just rising in Nigeria. And you think the lockdown will end after this two weeks? You are mathematically not OK.

#Chai~Wisdom!!!",corona cases rising nigeria. think lockdown end two weeks? mathematically ok. chai~wisdom!!!
neg,1.0,"RT @golden_red_bone: GYBAITGDHRNBIBYMFA

- Mamas everywhere during this corona",gybaitgdhrnbibymfa mamas everywhere corona
pos,1.0,"RT @hadizel: In these days of Corona, it is advisable to wear a mask, especially when we have to go out.

Ladies, let‚Äôs look at the bright‚Ä¶","days corona, advisable wear mask, especially go out. ladies, let‚Äôs look bright‚Ä¶"
neg,1.0,"RT @BeauTFC: Me lighting up guilt free for the first time in years after a study suggests smokers are way less likely to catch corona. 

NO‚Ä¶",lighting guilt free first time years study suggests smokers way less likely catch corona. no‚Ä¶
neg,1.0,"Since Corona came I didn't heard of MARLIANS or Corona have control d crowd,üòÇüòÇüòÇ","since corona came heard marlians corona control crowd,üòÇüòÇüòÇ"
neg,1.0,RT @BigAlStrood: My mum died at 7.25pm this evening. She was 93 years old and had been resident in a care home until the other day when she‚Ä¶,mum died 7.25pm evening. 93 years old resident care home day she‚Ä¶
irrelevant,,RT @FrankFigliuzzi1: A glimpse of things to come: 19 new cases of coronavirus in Wisconsin linked to election activities: State health offi‚Ä¶,glimpse things come: 19 new cases coronavirus wisconsin linked election activities: state health offi‚Ä¶
neg,1.0,@WhiteHouse ‚ÄúCORONA #2‚Äù by Jay Sizemore https://t.co/wvursuenLU,‚Äúcorona 2‚Äù jay sizemore
neg,1.0,@realDonaldTrump the only thing you succeed as is failing . You‚Äôre number one at failing. Go lick some protesters and get corona https://t.co/ypmrUzuRfc,thing succeed failing you‚Äôre number one failing. go lick protesters get corona
neutral,0.75,RT @politicalHwife: @ChanelRion @OANN Please ask him about the Pentagon study that determined 36% of people who got the flu vaccine were mo‚Ä¶,please ask pentagon study determined 36% people got flu vaccine mo‚Ä¶
neg,1.0,RT @TYLERFUCKINJAII: corona do better .. https://t.co/suVpPPcHn8,corona better ..
neg,1.0,If corona weren't going around I would plan a group cuddling session.,corona going around would plan group cuddling session.
neg,1.0,"RT @Squeejii: If a fart can get through underwear and a pair of jeans, how can a mask made of cloth save your from the corona virus?","fart get underwear pair jeans, mask made cloth save corona virus?"
pos,1.0,"As most of you know, I‚Äôm a big fan of hurling human problems into the sun (aka The Superman Solution). Double fun points for burning these fucks up in a star‚Äôs corona. https://t.co/JvZahAH8EM","know, i‚Äôm big fan hurling human problems sun (aka superman solution). double fun points burning fucks star‚Äôs corona."
neg,1.0,Corona and bad hair day.üëçüèºüòÜ Hope you all have/had a great Wednesday.ü§ó https://t.co/Fwx2XlazoW,corona bad hair day.üëçüèºüòÜ hope have/had great wednesday.ü§ó
neg,1.0,@Mike_Pence thank you and your corona virus task force for working so hard. We appreciate you,thank corona virus task force working hard. appreciate
irrelevant,,RT @USlasher: Tamil Man Saying he has not had Liquor for 25 days thanks to Corona and is very happy that his addiction is dead. He requests‚Ä¶,tamil man saying liquor 25 days thanks corona happy addiction dead. requests‚Ä¶
neg,1.0,corona virus really went and changed the way we greet each other. damn.,corona virus really went changed way greet other. damn.
neg,1.0,@sweetenersjade Corona lol,corona lol
neg,1.0,"If a fart üí® can get through underwear and a pair of jeans, how can a mask made of cloth protect you from corona? Am asking for a friend @thenanaaba ,@Serwaa_Amihere , @berlamundi","fart üí® get underwear pair jeans, mask made cloth protect corona? asking friend ,AT_USER"
irrelevant,,RT @hidetomitanaka: Treasury's corona tax vs. de facto basic income: a debate on Japan's economic policy in the not-too-distant future - Ec‚Ä¶,treasury's corona tax vs. de facto basic income: debate japan's economic policy not-too-distant future ec‚Ä¶
neg,1.0,@morningmika Fauci just said that we WILL have Corona again. This bout isn't the last.,fauci said corona again. bout last.
neutral,0.75,The only good thing to come from he corona crisis is that Ice T is tweeting a lot more,good thing come corona crisis ice tweeting lot
neg,1.0,Penguins can‚Äôt get corona. Look it up! https://t.co/vJZmUBSvJ5,penguins can‚Äôt get corona. look up!
neg,1.0,RT @TeamRunner4Life: When corona takes away the 2020 season...,corona takes away 2020 season...
neg,1.0,"RT @BostonTeaParti: BO warns that climate change is going to be worse than the corona virus-oohh

BO is a career politician well versed on‚Ä¶",bo warns climate change going worse corona virus-oohh bo career politician well versed on‚Ä¶
neg,1.0,"Less than half an hour after the President said ‚Äúmaybe corona might not come back‚Äù

Dr. Fauci: I am convinced we will have coronavirus in the fall.",less half hour president said ‚Äúmaybe corona might come back‚Äù dr. fauci: convinced coronavirus fall.
neg,1.0,RT @officerdaddo: What homeschooling your children during corona is like https://t.co/EYGkBa125o,homeschooling children corona like
neg,1.0,"Hey, @CAgovernor, I heard you have corona tracking jobs, any chance I can apply online?","hey, heard corona tracking jobs, chance apply online?"
neg,1.0,everytime I watch elite I am sorely reminded that I am not studying abroad in spain this summer bc of corona https://t.co/zcMOEqNk9N,everytime watch elite sorely reminded studying abroad spain summer bc corona
neg,1.0,@NBCNewYork @lookner There are animal corona viruses! Science! Covid 19 is man made and controlled by the CCP!,animal corona viruses! science! covid 19 man made controlled ccp!
neutral,0.75,"RT @buzydoing: This is how BJP media works.
KTR IT minister Telangana Demanded Rahul Kanwal to tender an apology for spreading false inform‚Ä¶",bjp media works. ktr minister telangana demanded rahul kanwal tender apology spreading false inform‚Ä¶
neg,1.0,Apparently nicotine creates a barrier in ur cells due to probably tar and shit and that doesn‚Äôt let corona get to you that‚Äôs crazy https://t.co/NmM8Z3k1AH,apparently nicotine creates barrier ur cells due probably tar shit doesn‚Äôt let corona get that‚Äôs crazy
neutral,0.75,"@AaryouzV2 what‚Äôs your beef with fabinho before his injury he was class, hasn‚Äôt had much time to come back bc of corona","what‚Äôs beef fabinho injury class, hasn‚Äôt much time come back bc corona"
neutral,0.75,"RT @ddale8: Trump claims what we've gone through now won't be repeated. We might have some ""embers"" of corona in the second wave. He says h‚Ä¶","trump claims we've gone repeated. might ""embers"" corona second wave. says h‚Ä¶"
neutral,0.75,"RT @ddale8: Trump claims what we've gone through now won't be repeated. We might have some ""embers"" of corona in the second wave. He says h‚Ä¶","trump claims we've gone repeated. might ""embers"" corona second wave. says h‚Ä¶"
neg,1.0,"@Endgame2021 I don't understand the immigration ban.  No green cards because foreign nationals may bring corona virus.  But, foreign nationals on work visas are somehow virus free?  Am I missing something? Please read with heavy dose of sarcasm, but this rationale is transparent.","understand immigration ban. green cards foreign nationals may bring corona virus. but, foreign nationals work visas somehow virus free? missing something? please read heavy dose sarcasm, rationale transparent."
neg,1.0,RT @DaSkrambledEgg: You stopped drinking Corona beer #SignsYoureACOVIDIOT,stopped drinking corona beer signsyoureacovidiot
neg,1.0,"RT @MadokaMeowgica: Friend died last night from corona. She was immunocompromised and did everything she was supposed to in a quarantine, b‚Ä¶","friend died last night corona. immunocompromised everything supposed quarantine, b‚Ä¶"
neg,1.0,"https://t.co/mluOBhVbaN: N.J. Gov. Murphy shreds Sen. McConnell for ‚Äòutterly irresponsible‚Äô call for states to go bankrupt over corona.
https://t.co/9dw5uSrZOn

via @GoogleNews",n.j. gov. murphy shreds sen. mcconnell ‚Äòutterly irresponsible‚Äô call states go bankrupt corona. via
neg,1.0,RT @Lvrd_ZiiZii: Lagos just dey stream this Corona üò≠,lagos dey stream corona üò≠
pos,1.0,I call it ‚Äúthe vibes are too good that it‚Äôs making me sick‚Äù my mom calls it ‚Äúcorona‚Äù,call ‚Äúthe vibes good it‚Äôs making sick‚Äù mom calls ‚Äúcorona‚Äù
neg,1.0,"RT @MadokaMeowgica: Friend died last night from corona. She was immunocompromised and did everything she was supposed to in a quarantine, b‚Ä¶","friend died last night corona. immunocompromised everything supposed quarantine, b‚Ä¶"
neg,1.0,@RN_callisto Shola goan sleep corona is active on Internet at midnight,shola goan sleep corona active internet midnight
neg,1.0,what ben afflek doesn't trust the guy who wrote almost every movie tv show and video game for over half a decade. you guys are messing up the universe. I warned about the corona virus 15 years ago. and hear it is. God can only put up with so much bull shit.,ben afflek trust guy wrote almost every movie tv show video game half decade. guys messing universe. warned corona virus 15 years ago. hear is. god put much bull shit.
neg,1.0,"RT @yungblud: stuck here , fuck corona https://t.co/y7gGxfmLNY",stuck fuck corona
neg,1.0,imma belong to the streets after this corona,imma belong streets corona
irrelevant,,"RT @mohgovjo: Daily briefing on dealing with the emerging COVID-19 in Jordan 
#jordan #jordan_corona #jordan_coronavirus #ministry_of_healt‚Ä¶",daily briefing dealing emerging covid-19 jordan jordan jordan_corona jordan_coronavirus ministry_of_healt‚Ä¶
pos,1.0,"RT @ruby2156: #ALDUB249thWeeksary 
God bless True Blooded ADN and Nicomaine Dei and Richards, together. Be the Lord protect us sa Corona Vi‚Ä¶","aldub249thweeksary god bless true blooded adn nicomaine dei richards, together. lord protect us sa corona vi‚Ä¶"
neg,1.0,"RT @golden_red_bone: GYBAITGDHRNBIBYMFA

- Mamas everywhere during this corona",gybaitgdhrnbibymfa mamas everywhere corona
neg,1.0,If trump did such a horrible job handling corona how did we go from 2 million dead to maybe 60k? ü§°,trump horrible job handling corona go 2 million dead maybe 60k? ü§°
neg,1.0,"RT @golden_red_bone: GYBAITGDHRNBIBYMFA

- Mamas everywhere during this corona",gybaitgdhrnbibymfa mamas everywhere corona
neg,1.0,"RT @BpoolCouncil: ‚ô•Ô∏è Corona Kindness is here to help. If you need of help with:

‚ñ™Ô∏è Sourcing / delivery of groceries
‚ñ™Ô∏è Medical supplies
‚ñ™Ô∏è‚Ä¶",‚ô•Ô∏è corona kindness help. need help with: ‚ñ™Ô∏è sourcing delivery groceries ‚ñ™Ô∏è medical supplies ‚ñ™Ô∏è‚Ä¶
irrelevant,,RT @FrankFigliuzzi1: A glimpse of things to come: 19 new cases of coronavirus in Wisconsin linked to election activities: State health offi‚Ä¶,glimpse things come: 19 new cases coronavirus wisconsin linked election activities: state health offi‚Ä¶
neutral,0.75,"RT @syahiramdiah: If you could end corona virus by sacrificing one local business, which one would you choose and why dUck?","could end corona virus sacrificing one local business, one would choose duck?"
pos,1.0,"RT @hadizel: In these days of Corona, it is advisable to wear a mask, especially when we have to go out.

Ladies, let‚Äôs look at the bright‚Ä¶","days corona, advisable wear mask, especially go out. ladies, let‚Äôs look bright‚Ä¶"
neg,1.0,RT @DaSkrambledEgg: You stopped drinking Corona beer #SignsYoureACOVIDIOT,stopped drinking corona beer signsyoureacovidiot
neg,1.0,"RT @golden_red_bone: GYBAITGDHRNBIBYMFA

- Mamas everywhere during this corona",gybaitgdhrnbibymfa mamas everywhere corona
neg,1.0,"RT @MadokaMeowgica: Friend died last night from corona. She was immunocompromised and did everything she was supposed to in a quarantine, b‚Ä¶","friend died last night corona. immunocompromised everything supposed quarantine, b‚Ä¶"
neg,1.0,"RT @vanyaradzayi: This Corona virus is ""mischievous"". 

It forced every Head of State, every government, all institutions to be grounded; &amp;‚Ä¶","corona virus ""mischievous"". forced every head state, every government, institutions grounded; &amp;‚Ä¶"
neg,1.0,RT @AyiaNapa2020: Corona Virus?? Have you ever had the Ayia Napa cough?...,corona virus?? ever ayia napa cough?...
neg,1.0,"RT @DefenseNigeria: German paper condemns China for exporting Covid-19

(1)Dear President Xi Jinping

Your embassy in Berlin has addressed‚Ä¶",german paper condemns china exporting covid-19 (1)dear president xi jinping embassy berlin addressed‚Ä¶
pos,1.0,"RT @Apni_Public: Vasundhara is happiest enjoying movies with ice cream. And while the lockdown allows plenty of that, she's done her bit fo‚Ä¶","vasundhara happiest enjoying movies ice cream. lockdown allows plenty that, done bit fo‚Ä¶"
neg,1.0,"RT @TeaPainUSA: Trump and his lackeys are talkin' about ""if Corona comes back"" as if it's gone.  This is the pinnacle of gaslightin'.","trump lackeys talkin' ""if corona comes back"" gone. pinnacle gaslightin'."
pos,1.0,"RT @en_germany: Chancellor #Merkel speaks of a ""fragile interim success"" in the fight against the #corona pandemic - in mini-steps public l‚Ä¶","chancellor merkel speaks ""fragile interim success"" fight corona pandemic mini-steps public l‚Ä¶"
neg,1.0,"RT @darkskyseattle: Corona Virus is leading to this trend to light up empty stadium/fields DT offices, at night to honor high schooler miss‚Ä¶","corona virus leading trend light empty stadium/fields dt offices, night honor high schooler miss‚Ä¶"
pos,1.0,"RT @OutragedMary: Wonderful Piers Morgan interviewed Tony Blair today to tell the country what we should do to tackle Corona.
Tomorrow Pier‚Ä¶",wonderful piers morgan interviewed tony blair today tell country tackle corona. tomorrow pier‚Ä¶
neg,1.0,"One virologist feels that this week's shop and school openings etc will eventually be reversed because infection rates (currently ~0.7 here) will rise at some point... in this scenario we'll see policy modulation, raising and lowering, for a long time

https://t.co/4AA25I8mk6","one virologist feels week's shop school openings etc eventually reversed infection rates (currently ~0.7 here) rise point... scenario we'll see policy modulation, raising lowering, long time"
neg,1.0,"@_sabanaqvi Well I support this act at least, why medical staff serverv these patients who having one motive to spread Corona, thrash medical staff nd specially lady doctor nd nurse. People should boycott such jahil jamat all across India.
@ndtv @republic @ZeeNews @aajtak @BDUTT @RanaAyyub","well support act least, medical staff serverv patients one motive spread corona, thrash medical staff nd specially lady doctor nd nurse. people boycott jahil jamat across india."
irrelevant,,"RT @GeigerNews: President Mini-Mitts keeps saying ""Embers of Corona.""

New band name? 

Title of a book about the downfall of the Corona be‚Ä¶","president mini-mitts keeps saying ""embers corona."" new band name? title book downfall corona be‚Ä¶"
